{"cameraMode":{"drawMode":0,"name":"Shaded","section":"Shading Mode"},"sceneLighting":false,"audioPlay":false,"sceneViewState":{"m_AlwaysRefresh":false,"showFog":true,"showSkybox":false,"showFlares":true,"showImageEffects":true,"showParticleSystems":true,"showVisualEffectGraphs":true,"m_FxEnabled":true},"in2DMode":false,"pivot":{"x":0.01048588752746582,"y":1.0098406076431275,"z":0.3077462911605835},"rotation":{"x":-0.30173754692077639,"y":-0.24895668029785157,"z":0.08195175975561142,"w":-0.9166603088378906},"size":2.412029266357422,"orthographic":false}