{"cameraMode":{"drawMode":0,"name":"Shaded","section":"Shading Mode"},"sceneLighting":false,"audioPlay":false,"sceneViewState":{"m_AlwaysRefresh":false,"showFog":true,"showSkybox":false,"showFlares":true,"showImageEffects":true,"showParticleSystems":true,"showVisualEffectGraphs":true,"m_FxEnabled":true},"in2DMode":false,"pivot":{"x":0.04427623748779297,"y":0.9270312786102295,"z":0.02891680598258972},"rotation":{"x":-0.30173754692077639,"y":-0.24895668029785157,"z":0.08195175975561142,"w":-0.9166603088378906},"size":3.339921712875366,"orthographic":false}