{"cameraMode":{"drawMode":0,"name":"Shaded","section":"Shading Mode"},"sceneLighting":false,"audioPlay":false,"sceneViewState":{"m_AlwaysRefresh":false,"showFog":true,"showSkybox":false,"showFlares":true,"showImageEffects":true,"showParticleSystems":true,"showVisualEffectGraphs":true,"m_FxEnabled":true},"in2DMode":false,"pivot":{"x":0.022870570421218873,"y":0.2631816267967224,"z":0.08367258310317993},"rotation":{"x":-0.30173754692077639,"y":-0.24895668029785157,"z":0.08195175975561142,"w":-0.9166603088378906},"size":0.8077116012573242,"orthographic":false}